Address.PostalCode,Address.Subdivision
36203-3459,AL
36801-1511,AL
30117-4429,GA
30265-1045,GA
31904-3071,GA
30269-1743,GA
36117-3564,AL
30135-1708,GA
36066-7748,AL
35242-5028,AL
30214-4098,GA
35235-3104,AL
30141-2739,GA
35007-4657,AL
30344-5738,GA
35209-4501,AL
30106-1836,GA
35226-4600,AL
30064-2543,GA
35068-1677,AL
30101-8304,GA
30253-5960,GA
30363,GA
30080-7633,GA
30307-2705,GA
35022-7305,AL
30144-6860,GA
30324-3006,GA
30121-2954,GA
30326-3287,GA
30329-3211,GA
30342-1102,GA
30062-6495,GA
30189-6500,GA
30062-1252,GA
30346-1204,GA
30084-5310,GA
30075-2231,GA
30092-3361,GA
30013-2028,GA
30022-3006,GA
30115-8071,GA
30097-6438,GA
30004-5137,GA
30078-5633,GA
30024-1048,GA
30043-8479,GA
30041-7935,GA
30519-4938,GA
35404-4785,AL
31093-9600,GA
30620-2145,GA
30542-3448,GA
35802-4914,AL
35601-6531,AL
30504-4154,GA
36303-1522,AL
35806-1776,AL
31707-1672,GA
35758-9571,AL
37421-3129,TN
30606-3334,GA
37343-3748,TN
37312-2905,TN
35630-1540,AL
29621-1312,SC
32309-1943,FL
37129-3364,TN
32541-2709,FL
32571-1403,FL
37174-2755,TN
32569-1924,FL
30809-3069,GA
32413-2457,FL
32301-4819,FL
37801-4597,TN
32405-4404,FL
30909-0800,GA
32514-5729,FL
37064-7424,TN
37167-6865,TN
31601-3502,GA
32503-2607,FL
37922,TN
37934-1960,TN
37067-1602,TN
37919-5457,TN
37027-4527,TN
37122-6309,TN
32506-6905,FL
37912-1016,TN
29680-6708,SC
37214-2314,TN
37205-1411,TN
29607-4109,SC
37209-4206,TN
36526-4252,AL
37918-7004,TN
29803-8521,SC
36606-3203,AL
29687-5334,SC
37115-2002,TN
37075-1232,TN
36695-8979,AL
36542-2819,AL
28704-9201,NC
29301-2452,SC
28805-2550,NC
38305-3637,TN
38017-3705,TN
38138-7903,TN
38018-6209,TN
38654-7903,MS
38133-4007,TN
38119-3938,TN
37040-5002,TN
38117-5132,TN
38637-1410,MS
42104-6378,KY
39232-8017,MS
39213-9742,MS
72401-6321,AR
39402-8533,MS
42301-7443,KY
42701-5470,KY
39540-5363,MS
70433-7220,LA
70403-6156,LA
71203-7009,LA
70006-5330,LA
70065-2845,LA
70058-3409,LA
70816-1408,LA
70809-4528,LA
47715-2757,IN
47710-3614,IN
63701-8419,MO
40219-6178,KY
62959-5553,IL
40218-5403,KY
40220-3530,KY
40207-2735,KY
47150-4924,IN
40243-2425,KY
47129-2664,IN
40241-4146,KY
40503-3599,KY
40509-2210,KY
32608-2342,FL
32601-5166,FL
70360-2409,LA
70501-1406,LA
70508-6703,LA
32222-5812,FL
31525-2929,GA
32244-3303,FL
32097-8652,FL
32003-7927,FL
32257-6207,FL
32225-6429,FL
32246-7411,FL
32256-5484,FL
34471-3020,FL
32224-1208,FL
32250-5855,FL
37601-2535,TN
37660-5848,TN
29072-9155,SC
29212-2204,SC
31419-1964,GA
31404-3714,GA
29910-6500,SC
99515-2673,AK
99504-6103,AK
99654-7350,AK
72022-6204,AR
72211-3360,AR
72205-5246,AR
72116-8039,AR
72032-4717,AR
72903-6099,AR
75503-1081,TX
72703-5359,AR
65616-9943,MO
72758-9080,AR
71111-5491,LA
71105-5107,LA
65804-6497,MO
75605-5093,TX
64801-5581,MO
74012-2385,OK
74133-2522,OK
74133-6103,OK
74112-6221,OK
74055-5358,OK
74132-1838,OK
75703-4737,TX
71301-3611,LA
75092-2567,TX
65065-3169,MO
73110-6122,OK
73034-5317,OK
73069-6385,OK
73160-2941,OK
73134-6021,OK
73112-5407,OK
73132-4220,OK
73099-6387,OK
75070-2911,TX
75002-8756,TX
75013-6503,TX
75070-2917,TX
75098-9408,TX
75033-8662,TX
67037-3752,KS
75032-5658,TX
75075-2331,TX
75034-9446,TX
75040-2716,TX
75088-4037,TX
67206-3542,KS
75093-4300,TX
75081-4512,TX
75248-1750,TX
75056-2913,TX
76205-4801,TX
64012-5104,MO
75150-4105,TX
75240-5112,TX
75001-4301,TX
75231-7109,TX
75057-5001,TX
67209-2013,KS
75214-7802,TX
66223-2113,KS
66062-7055,KS
75028-2224,TX
64145-1647,MO
75220-4924,TX
67205-7311,KS
66213-2639,KS
75204-3707,TX
64081-3938,MO
66062-1074,KS
75063-7516,TX
66214-2289,KS
65109-4753,MO
64114-2723,MO
76051-4020,TX
75062-5921,TX
66046-5205,KS
64014-2971,MO
66202-3229,KS
66217-9321,KS
76039-5417,TX
64055-3870,MO
76182-8300,TX
75237-3560,TX
73505,OK
65203-4616,MO
63090-6174,MO
64117-1743,MO
66111-8100,KS
64157-1209,MO
64155-2777,MO
64154-8501,MO
63010-6201,MO
63026-4013,MO
63385-3896,MO
63011-4626,MO
63368-7382,MO
63005-1150,MO
63017-0605,MO
63368-6661,MO
63128-1973,MO
63304-1102,MO
63122-7200,MO
63303-3042,MO
63144-1428,MO
63109-2120,MO
66614-5231,KS
63044-2502,MO
62226-3104,IL
63033-2033,MO
62208-3416,IL
62269-7277,IL
75901-5644,TX
75104-2142,TX
75165-5116,TX
75052-6932,TX
75052-8307,TX
76053-3828,TX
76120-4414,TX
76015-4107,TX
76148-2464,TX
76063-7533,TX
76177-2005,TX
76107-1956,TX
76135-3000,TX
76116-1526,TX
76132-3220,TX
76028-5615,TX
76087-8556,TX
77340-4903,TX
76710-4442,TX
77802-3060,TX
77304-2331,TX
77708-4824,TX
70601-8361,LA
77840-3918,TX
62025-2584,IL
62002-5928,IL
76308-3717,TX
77642-7796,TX
77354-6073,TX
77380-3221,TX
77346-2705,TX
77338-2209,TX
77389,TX
77388-6015,TX
77377-5504,TX
64506-1297,MO
66503-3001,KS
85741-2206,AZ
85714-1167,AZ
85705-2720,AZ
85737-9353,AZ
85716-5400,AZ
85711-3702,AZ
85715-3801,AZ
85748-7540,AZ
85248,AZ
85297-7004,AZ
85226-5008,AZ
85142-5379,AZ
85044-6225,AZ
85296-3138,AZ
85212-4201,AZ
85042-6910,AZ
85283-1502,AZ
85202-9602,AZ
85204-5205,AZ
85206-3707,AZ
85353-9424,AZ
85281-2266,AZ
85338-4604,AZ
85018-7614,AZ
85035-1336,AZ
85395-1237,AZ
85215-2971,AZ
85016-3901,AZ
85015-2433,AZ
85250-8502,AZ
85305-1103,AZ
85302-2019,AZ
85032-7671,AZ
85268-6668,AZ
85260-2845,AZ
85022-2662,AZ
85382-3806,AZ
85374-3871,AZ
85027-3929,AZ
85050-4207,AZ
85383-1348,AZ
85635-2425,AZ
85266-1513,AZ
85365-1707,AZ
86301-5665,AZ
92243-1335,CA
86001-0802,AZ
87114-4005,NM
87110-5402,NM
87112-5582,NM
87124-5903,NM
87113-1512,NM
87111-2307,NM
88011-8233,NM
79912-5209,TX
87402-8658,NM
79925-3416,TX
87507-2606,NM
79936-3855,TX
79936-0962,TX
86442-9119,AZ
89015-7088,NV
89014-2612,NV
89052-0404,NV
89183-6841,NV
89104-5752,NV
89119-7556,NV
89139-7717,NV
89084-1333,NV
89103-1004,NV
84790-2116,UT
89130-8001,NV
89129-6239,NV
89117-5452,NV
89147-7123,NV
89131-4038,NV
92253-2072,CA
92260-3306,CA
92234-5441,CA
92307-2937,CA
92308-6763,CA
92345-9110,CA
92404-4624,CA
92374-2041,CA
92545-3564,CA
92555-4522,CA
92408-2029,CA
92507-0932,CA
92336-0231,CA
92584-6806,CA
92337-7556,CA
92506-3252,CA
92562-8554,CA
81505-1103,CO
81401-4952,CO
84057-4607,UT
84003-9762,UT
92591-5283,CA
92562-5749,CA
92503-4175,CA
91730-3890,CA
91764-5250,CA
92530-2755,CA
91752-2457,CA
91784-1667,CA
92881-4631,CA
92860-3117,CA
91763-1621,CA
91710-2481,CA
91750-3056,CA
91710-5422,CA
91766,CA
92029-2231,CA
92025-8005,CA
91773-2495,CA
92083-7775,CA
92688-2814,CA
92057-5435,CA
92808-1105,CA
91765-8400,CA
92064-2803,CA
93552-3103,CA
92081-8520,CA
92610-1712,CA
91702-2510,CA
92127-4166,CA
91791-1624,CA
92054-6318,CA
92071-3834,CA
92691-2794,CA
91792-1511,CA
92021-4539,CA
92691-4508,CA
93534-6091,CA
91010-2475,CA
91748-1714,CA
92865-3701,CA
92821-5769,CA
92024-1320,CA
92673-6360,CA
92602-2307,CA
92831-1523,CA
93551-3747,CA
92618-4958,CA
92869-3205,CA
91706-4703,CA
92656-3038,CA
92019-4342,CA
92126-2603,CA
91942-3015,CA
92705-8500,CA
92606-8200,CA
92782-2702,CA
90631-6901,CA
92832-2900,CA
92706-3301,CA
92833-2403,CA
91107-3814,CA
92840-4004,CA
90603-2324,CA
92802-1011,CA
92612-2668,CA
91770-2066,CA
92115-7134,CA
92704-7246,CA
92111-3713,CA
91914-3558,CA
92111-2702,CA
90621-3429,CA
91101-2104,CA
90670-4017,CA
92843-3120,CA
92626-2562,CA
90660-2658,CA
92108-1511,CA
91801-1856,CA
90630-5107,CA
92102-1134,CA
90650-3084,CA
92683-7858,CA
92646-4808,CA
91950-8004,CA
90703-7821,CA
92683-4984,CA
90650-7410,CA
90022-4106,CA
92110-4529,CA
90703-6627,CA
90041-1070,CA
90065-4404,CA
90740-2709,CA
91911-2911,CA
90280-3704,CA
91210-2101,CA
90803-2002,CA
90815-2017,CA
90712-2419,CA
90755-5114,CA
90805-1717,CA
90220-4973,CA
90731-1274,CA
90746-3701,CA
90745-6314,CA
90247-3625,CA
90505-2606,CA
90250-3388,CA
90017,CA
90278-3928,CA
90089-1910,CA
90301-1218,CA
90005-4080,CA
90266-5104,CA
90016-4407,CA
90230-6423,CA
90046-5896,CA
90230-4935,CA
90048-3414,CA
91504-3403,CA
91505-2540,CA
91606-3719,CA
90024-2957,CA
91331-4100,CA
91411-2918,CA
91405-1146,CA
91345-2422,CA
91325-2608,CA
95242-4120,CA
95219-7225,CA
95207-6301,CA
95758-5061,CA
95823-5415,CA
95817-2611,CA
95670-5646,CA
95818-2234,CA
95691-4957,CA
95825-1905,CA
95330-8535,CA
95336-6005,CA
94531-8587,CA
95841-2604,CA
95610-6866,CA
95834-2902,CA
95762-7130,CA
95630-3402,CA
95618-9446,CA
95304-7307,CA
94565-7101,CA
95661-3834,CA
95356-3215,CA
95687-3909,CA
95367-9456,CA
95678-1987,CA
95350-1445,CA
95776-5406,CA
95677,CA
94533-6806,CA
94551-9641,CA
95648-8041,CA
94523-1216,CA
94568-4589,CA
94596-4106,CA
94583-2338,CA
94568-2320,CA
95603-2508,CA
94591-3680,CA
95380-8402,CA
94559-4007,CA
94558-2835,CA
94564-2250,CA
94578-1978,CA
94704-1308,CA
94541-4200,CA
94702-1548,CA
94544-7807,CA
94538-1301,CA
94805-2307,CA
94710-1011,CA
94608-3515,CA
94538-3803,CA
94501,CA
95132-1130,CA
95133-1938,CA
95134-1377,CA
95991-3102,CA
94104-4251,CA
95122-1921,CA
94103-3132,CA
94901-5521,CA
95121-1730,CA
95110-2047,CA
94945-5005,CA
94303-2523,CA
94118-3400,CA
95301-5213,CA
95050-4051,CA
95125-1057,CA
94965-1250,CA
94404-1569,CA
94086-6193,CA
94040-1432,CA
94063-2849,CA
95123,CA
94112-1768,CA
94952,CA
94132-1901,CA
95014-7106,CA
95123-1213,CA
94066-2420,CA
95014-2123,CA
95124-3027,CA
94014-3217,CA
95129-5101,CA
94015-2349,CA
95348-1954,CA
95037-9305,CA
94928-7907,CA
95407-7621,CA
95401-3506,CA
93635-8506,CA
95020-7075,CA
95010-2504,CA
95076-3755,CA
95023-5621,CA
89705-6936,NV
93906-5102,CA
95928-6300,CA
93933-6242,CA
93955-3150,CA
89511-2214,NV
93722,CA
89434-8989,NV
93711-3215,CA
93720-4300,CA
93710-5006,CA
93612-0104,CA
93726-6902,CA
93612-3900,CA
93230-5971,CA
93291-8718,CA
93277-9146,CA
96003-4038,CA
93274-7754,CA
93446-9604,CA
93257-1456,CA
93405,CA
93312-2143,CA
93311-3635,CA
93454-7803,CA
93306-3060,CA
93304-4144,CA
95501-0823,CA
97504-4161,OR
97701-7802,OR
97477-1172,OR
97402-5442,OR
91344-4204,CA
91364-2319,CA
91324-3309,CA
91387-1428,CA
91303-2624,CA
91307-3520,CA
91355-3403,CA
91362-4063,CA
93065-2773,CA
93065-2902,CA
93021-3585,CA
91320-1190,CA
93010-8359,CA
93036-5443,CA
93003-5230,CA
93003-3435,CA
67401-8598,KS
68845-2892,NE
67846-6962,KS
68516-3005,NE
68516-1833,NE
68504-3505,NE
68130-2308,NE
68137-2207,NE
68116-2388,NE
68046-3910,NE
68701-7328,NE
68123-4163,NE
68164-1839,NE
68114-3673,NE
68122-1803,NE
51501-7732,IA
51106-4247,IA
97322-8513,OR
97301-2905,OR
97303-1695,OR
81008-1040,CO
80906-4050,CO
80922-3203,CO
80918-4004,CO
80924-5000,CO
80108-7838,CO
80134-4952,CO
80124-5547,CO
80129-2265,CO
80126-2437,CO
80016-4236,CO
80112-3617,CO
80016-1558,CO
80123-2202,CO
80015-2745,CO
80110-3312,CO
80231,CO
80012-4014,CO
80246-1510,CO
80226-3305,CO
80012-1402,CO
80401-3203,CO
80214-1325,CO
80238-3527,CO
80033-2251,CO
80498-9224,CO
80003-2107,CO
80021-6063,CO
80233-5711,CO
80023-9174,CO
80601-7000,CO
80027-8623,CO
80301-1123,CO
80501-7920,CO
81601-9516,CO
80634-3756,CO
80538-8851,CO
80525-6300,CO
80525-3038,CO
79121-1104,TX
82009-4945,WY
69361-2773,NE
57701-9504,SD
82609-4219,WY
79407-3726,TX
84121-6619,UT
84070-4118,UT
84095-5605,UT
84084-2403,UT
84084-1975,UT
84101-3053,UT
84120,UT
84014-1752,UT
84041-1632,UT
84405-3722,UT
06401-1812,CT
06477-3203,CT
06460-2763,CT
06611-5347,CT
06473-3156,CT
06611-4204,CT
06704-2246,CT
06801-1030,CT
06451-1818,CT
06489-6008,CT
06111-5101,CT
06053-1524,CT
06901-2309,CT
11720-2007,NY
06790-3101,CT
10549-1104,NY
11901-2073,NY
11763-2526,NY
11725-3432,NY
11725-5423,NY
11746-7324,NY
11782,NY
11722-4458,NY
10601-3331,NY
06042-8701,CT
06095-1308,CT
11706-5908,NY
11735-1001,NY
11801-2719,NY
11050,NY
12601-5978,NY
11756-1303,NY
06385-4246,CT
11726-1330,NY
10994-6801,NY
10550-4784,NY
11590-6614,NY
06082-3770,CT
10977-5213,NY
12550-3918,NY
07624-2620,NJ
10465-1818,NY
11520-3943,NY
10463-7016,NY
11003-1856,NY
11356-2446,NY
10950-4949,NY
11354-5112,NY
10451-2022,NY
11581-1001,NY
06351-3253,CT
10035-4410,NY
07601-5913,NJ
11375-1022,NY
11373-4449,NY
07652-5005,NJ
07020-1146,NJ
01040-2709,MA
07047-4507,NJ
10120-0101,NY
11239-2801,NY
12401-1501,NY
10007-2377,NY
11201-3016,NY
11217-1403,NY
07310-1202,NJ
07014-1904,NJ
11210-3036,NY
10941-3029,NY
11204-3730,NY
07457-1208,NJ
07004-1581,NJ
06241-2188,CT
01035-9456,MA
07054-2179,NJ
07088-1100,NJ
07936-2103,NJ
10314-5811,NY
07083-8512,NJ
07036-3203,NJ
01237-9501,MA
07066-1421,NJ
10309-2500,NY
07866-1645,NJ
07748-1301,NJ
07069-6509,NJ
08837-2424,NJ
02886-4233,RI
02886-6101,RI
02917-2440,RI
01527-2652,MA
07080-1135,NJ
07712-3961,NJ
02865-4216,RI
01605-1905,MA
08807-3456,NJ
08850-1700,NJ
12144-5618,NY
02771-5816,MA
07840-4978,NJ
07726-3018,NJ
08902-1056,NJ
01581-2813,MA
02760-6251,MA
01757-1743,MA
02777-4587,MA
12205-5118,NY
08852-1904,NJ
02762-1207,MA
07731-3750,NJ
01752-4709,MA
12110-2459,NY
08723-4014,NJ
08520-1933,NJ
01752-3702,MA
12304-2245,NY
01453-7020,MA
01701-4655,MA
02747-4309,MA
08753-2822,NJ
02780-6915,MA
08540-5991,NJ
02375-1352,MA
12065-4180,NY
12302-4509,NY
18360-8170,PA
02090-2333,MA
03431-5918,NH
08865-4124,NJ
02072-1162,MA
02131-1733,MA
02472-2853,MA
02184-2813,MA
02215-1205,MA
02351-2209,MA
02215-3936,MA
18045-8208,PA
02139-4029,MA
02125-1663,MA
19047-1812,PA
02571-5022,MA
02143-3405,MA
12010-7565,NY
12866-2926,NY
03060-5730,NH
02149-2428,MA
01852-5132,MA
02339-1643,MA
03063-1002,NH
08016-4175,NJ
01801-1007,MA
02180-3305,MA
19020-1628,PA
02364-3048,MA
02151-4006,MA
08050-2734,NJ
01887-1045,MA
01906-3100,MA
18109-9385,PA
18976-2457,PA
19116-3961,PA
18519-1688,PA
18951-4100,PA
08075-2414,NJ
08054-6102,NJ
19001-1923,PA
01970-1830,MA
03079-3311,NH
19152-4312,PA
19454-1833,PA
03110-6819,NH
01844-7202,MA
18104-2318,PA
01923-3653,MA
19095-2960,PA
18106-9046,PA
12804-1803,NY
08053-9637,NJ
19134-5505,PA
08002-2045,NJ
01832-1236,MA
08043-2107,NJ
03106-2651,NH
18702-6832,PA
19128-3250,PA
19462-1716,PA
19131-1600,PA
19130-3823,PA
19107-4802,PA
19103-4610,PA
19148-2017,PA
19406-2327,PA
08096-5624,NJ
19468-2819,PA
08081-9749,NJ
19460-1183,PA
08012-1762,NJ
03301-5759,NH
08080-3733,NJ
19464-1575,PA
19064-3963,PA
08330-3326,NJ
19064-2701,PA
19355-8599,PA
13850-2038,NY
19341-2336,PA
19606-3201,PA
19341-3012,PA
19560-1738,PA
19342-3317,PA
03840-2438,NH
13413-1595,NY
19803-1492,DE
19610-3329,PA
08332-1304,NJ
03878-1042,NH
19702-3216,DE
17602-1174,PA
17543-9328,PA
13066-1371,NY
17601-4005,PA
14850-1056,NY
17756-8152,PA
04005-9440,ME
19901-4708,DE
17870-2407,PA
13219-2003,NY
13039-8061,NY
14903-9704,NY
21001-2263,MD
13090-1309,NY
17112-2983,PA
17111-2447,PA
04106-3258,ME
17402-9609,PA
21014-4310,MD
21009-2566,MD
17408-4753,PA
17050-2384,PA
21236-4983,MD
21220-4104,MD
17013-3117,PA
21030-3407,MD
21286-5844,MD
17331-5207,PA
21224,MD
12901-2151,NY
13601-5898,NY
21208-2907,MD
21117-1903,MD
21157-6110,MD
04086-1799,ME
04330-6184,ME
14564-1010,NY
14450-8509,NY
14580-2908,NY
14622-2466,NY
14623-6009,NY
14626-2825,NY
14624-5409,NY
21061-2318,MD
21061-5205,MD
21601-2752,MD
21401-3020,MD
21043-6068,MD
21045-5802,MD
21054,MD
20724-2378,MD
20716-3110,MD
20720-4201,MD
20770-4063,MD
20904-1985,MD
20774-1309,MD
21804-2283,MD
20740,MD
20782-5003,MD
20902-2538,MD
20747-3204,MD
20852-1663,MD
20010-2444,DC
20876-4134,MD
20815-6122,MD
20878-7305,MD
22209-2458,VA
21704-7275,MD
22305-3042,VA
20613-8000,MD
22041-3207,VA
22044-2901,VA
22046,VA
22306-6601,VA
20603-4582,MD
22031,VA
17201-4213,PA
22150-1712,VA
20164-6609,VA
20190-3208,VA
20166-2500,VA
20619-2416,MD
20646-4224,MD
20176-3318,VA
22032-3268,VA
22033-5179,VA
21740-6981,MD
20151-2118,VA
22192-4148,VA
22025-1538,VA
20109-5464,VA
20155-2984,VA
25403-6183,WV
22556-4523,VA
16801,PA
16803-2321,PA
22603-4750,VA
22406-1228,VA
22601-7008,VA
22401-4913,VA
22407-9406,VA
22630-7004,VA
16601-9341,PA
22701-2523,VA
23059-6514,VA
23111-3541,VA
23228-2022,VA
23185-5371,VA
23231-2421,VA
23060-5815,VA
23230-2629,VA
23188-8200,VA
23225-1501,VA
23602-6908,VA
23235-4715,VA
22911-5605,VA
23666-2282,VA
23113-7314,VA
23831-5350,VA
23112-2639,VA
22801-3433,VA
23451-6119,VA
23502-2228,VA
23462-3004,VA
23453-4747,VA
23454-1186,VA
23321-2100,VA
23320-0605,VA
23834-3605,VA
23322-2182,VA
22980-9262,VA
24502-2944,VA
27804-8452,NC
27834-3176,NC
32159-3194,FL
32084-4211,FL
32164-2365,FL
32757-6748,FL
34606-1914,FL
34604-0629,FL
32763-7960,FL
32114-1116,FL
32771-7204,FL
34711-6034,FL
32746-2410,FL
32127-4757,FL
32714-3006,FL
34787,FL
32707-3290,FL
32765-9348,FL
32803-3706,FL
32792-8832,FL
34655-4420,FL
32839-2434,FL
32806-3932,FL
33548-3004,FL
33544-9261,FL
34747-3052,FL
32809-7710,FL
32828-7012,FL
33618-1809,FL
32837-6801,FL
34746-5332,FL
33613-4649,FL
33837-2300,FL
34685-2430,FL
33809-3815,FL
33634-1100,FL
33635-9736,FL
33607-2551,FL
33759-3945,FL
33803-5928,FL
33511-4754,FL
33611-2607,FL
33578-3612,FL
32780-7865,FL
33771-3544,FL
33702-4111,FL
33781-4600,FL
33709-4020,FL
32953-4395,FL
32940-6607,FL
32904-3706,FL
34207-4622,FL
32904-8605,FL
34243-4700,FL
34232-6401,FL
34238-2927,FL
34293-5131,FL
33948-1004,FL
32966-1017,FL
34987-2188,FL
33909-1733,FL
34994-9318,FL
33914-4485,FL
33905-5574,FL
33912-1649,FL
33908-3378,FL
33913-8961,FL
33928-8304,FL
34119-8764,FL
34109-2006,FL
33411-1404,FL
33403-3802,FL
33449-5438,FL
33401-2008,FL
33463-3212,FL
33437-3758,FL
33426-3445,FL
33428-1843,FL
33076-2514,FL
33444-1115,FL
33073-3353,FL
33323-4020,FL
33442-9404,FL
33324-2719,FL
33441-7037,FL
33027-4528,FL
33026-4118,FL
33328-6102,FL
33306-1062,FL
33055-2305,FL
33021-6904,FL
33012-4687,FL
33180-1241,FL
33174-1830,FL
33196-1314,FL
33181-1629,FL
33155-3546,FL
33127-3500,FL
33143-7714,FL
33156-2631,FL
33189-2296,FL
29407-4605,SC
29464-9462,SC
29406-4625,SC
29483-7321,SC
29209-0600,SC
28054,NC
29229-4386,SC
29730-6990,SC
28273-8850,NC
28602-4146,NC
28273-6901,NC
24202-4301,VA
28277-6502,NC
28277-6655,NC
28204-3262,NC
28216-8930,NC
28104-7925,NC
28078-8219,NC
28105-4660,NC
28213-8126,NC
28227-2616,NC
28117-6829,NC
28110-8435,NC
28027-7486,NC
29501-4043,SC
29588,SC
29577-6517,SC
27103-1309,NC
27105-1366,NC
27284-7440,NC
27262-7656,NC
27407-2645,NC
27410-2048,NC
27408-4820,NC
27215-8768,NC
28314-2245,NC
24073-1151,VA
27516-2539,NC
28405-3442,NC
27540-4416,NC
96720-5146,HI
96740-2727,HI
96732-3509,HI
96734-2838,HI
96814-4604,HI
96818-3137,HI
96707-1878,HI
50613-6936,IA
50401-1572,IA
50702-4300,IA
50010-6644,IA
50501-2972,IA
50021-4592,IA
50009-1024,IA
50322-3303,IA
50322-6328,IA
52402-1220,IA
50266-1104,IA
52404-7214,IA
50315-5962,IA
50266-5303,IA
55904-6929,MN
52241-2801,IA
55060-5639,MN
55901-3192,MN
56001-4864,MN
52003-5261,IA
55987-4867,MN
55057-5172,MN
54650-8540,WI
55066-1865,MN
55044-7306,MN
55124-7286,MN
55124-7056,MN
55337-4426,MN
55378-2153,MN
55122-2400,MN
52807-3454,IA
55379-4407,MN
55016-4035,MN
55077,MN
61265-6871,IL
55318-1121,MN
55431-1250,MN
55344-5315,MN
55435-4213,MN
55423-6400,MN
55118-3919,MN
55317-9579,MN
55387-1081,MN
55116-1813,MN
55125-2265,MN
55125-4872,MN
55345-2635,MN
55416-2500,MN
55106-6619,MN
52655-1031,IA
55426-3919,MN
55406-1909,MN
55104-4103,MN
55408-2793,MN
54016-2183,WI
55403-2530,MN
55414-1390,MN
55305-1809,MN
55128-4054,MN
55413-1643,MN
55113-6005,MN
55109-2215,MN
55082-7546,MN
55442-2624,MN
55127-7114,MN
55126-2916,MN
55428-3507,MN
54701-8182,WI
55421-1240,MN
55340-4538,MN
55430-2110,MN
55350-3801,MN
55428-1287,MN
55433-6033,MN
55369-4469,MN
55449-4670,MN
55014-3035,MN
55316-2005,MN
55433-3805,MN
55304-4014,MN
55374-8893,MN
55313-4321,MN
61401-1343,IL
53717-2615,WI
53719-5017,WI
55025-1749,MN
53705-2644,WI
55330-6546,MN
55362-4666,MN
53704-3608,WI
53590-9832,WI
57110,SD
56201-4215,MN
57106-6326,SD
54449-1514,WI
55008-5814,MN
61115-1681,IL
53545-0204,WI
61108-2545,IL
56304-0823,MN
56301-6601,MN
54482-8551,WI
61615-3538,IL
61354-1013,IL
61611-2445,IL
60115-2051,IL
54476-2430,WI
53147-4595,WI
53018-2333,WI
60102-5915,IL
54937-9784,WI
54902-6153,WI
60014-8016,IL
53189-8423,WI
60123-5525,IL
60560-5602,IL
60177-3315,IL
60542-6500,IL
60510-9209,IL
53186-2904,WI
60174-2400,IL
60192-3717,IL
60543-8333,IL
53151-7486,WI
62704-6517,IL
61761-2115,IL
62526-1965,IL
60404-8845,IL
61822-1231,IL
60585-5414,IL
60435-1166,IL
60540-3914,IL
60555-3934,IL
60440-1508,IL
60187-4529,IL
60107-2332,IL
60194-3894,IL
60439-4755,IL
60517-1300,IL
60139-1971,IL
60451-9533,IL
60148-5529,IL
60914-9303,IL
60527-5538,IL
60173-4939,IL
60181-1244,IL
60047-2356,IL
60191-1338,IL
60462-4725,IL
60074-2817,IL
60487-9361,IL
60525-4162,IL
60162-1821,IL
60004-4379,IL
60155-4887,IL
60060-4267,IL
60018-3621,IL
60160-1611,IL
60090-2239,IL
60445-1458,IL
60301-1001,IL
60061-1555,IL
60629-5813,IL
60706-1202,IL
60453-2675,IL
60707-2312,IL
60714-1237,IL
60804-3637,IL
60632-4010,IL
60714-4621,IL
60031-4591,IL
60643-4902,IL
60430-2007,IL
60025-7636,IL
60044-1778,IL
60035-1728,IL
60608-6107,IL
60077-1842,IL
60618-4635,IL
60647-2019,IL
60607-2905,IL
60202-3636,IL
60619-6116,IL
60657-2109,IL
60659-4277,IL
60610,IL
60605-2159,IL
60657-1602,IL
60603,IL
60614-1523,IL
60640-5660,IL
60615-4002,IL
60201-5621,IL
60611-4390,IL
60087-2231,IL
46321-1217,IN
53158-1990,WI
46373-9413,IN
46322-3511,IN
57201-5352,SD
56308-2915,MN
53132-2290,WI
53005,WI
53227-1926,WI
53051-8012,WI
53222-2105,WI
53221-2601,WI
53214-3654,WI
53154-3803,WI
53406-5056,WI
53207-6407,WI
53024-9315,WI
54913-8605,WI
54915-4136,WI
53085-2848,WI
46410-5898,IN
54304-4404,WI
46383-6914,IN
54311-6264,WI
56425-9744,MN
57401-6639,SD
47905-4807,IN
46614-3452,IN
49444-9795,MI
46530-4474,IN
49424-9699,MI
54235-3805,WI
55811-1810,MN
58103-3308,ND
56560-2516,MN
83301-3374,ID
83406-5712,ID
83704-9139,ID
83713-0955,ID
83687-7910,ID
59718-7993,MT
59602-7817,MT
59102-6652,MT
59105-3227,MT
83815-7750,ID
99216-0812,WA
99223-7633,WA
99218-1249,WA
59808-1317,MT
59901-2558,MT
99336-1161,WA
99352-9101,WA
98801-1548,WA
98901-4520,WA
59405-2753,MT
98027-5357,WA
98052-3300,WA
98258-7949,WA
46526-5854,IN
46902-1929,IN
49009-3304,MI
49002-3582,MI
49418,MI
49509-9722,MI
46032-7939,IN
46123-7985,IN
46032-5056,IN
49316-8511,MI
49544-1655,MI
46254-3905,IN
46168-2710,IN
49512-2049,MI
49015-4184,MI
46804-1144,IN
46805-1101,IN
46815-5357,IN
48917-2456,MI
46240-1990,IN
46038-2903,IN
48911-5901,MI
46220-2488,IN
49202-2039,MI
48864-1123,MI
47303-1246,IN
48858-7997,MI
46229-2670,IN
46237-3321,IN
46143-9413,IN
49684-8995,MI
47401-5424,IN
48642-7805,MI
48116-7446,MI
48103-8999,MI
48843-1879,MI
48430-1755,MI
48197-9809,MI
48604-9433,MI
48507-1273,MI
43528-9490,OH
47201-5194,IN
43623-3139,OH
48374-1115,MI
43612-4303,OH
48188-2310,MI
43460-1710,OH
48187-3101,MI
48390-3936,MI
48152-1087,MI
41042-4869,KY
45211-6319,OH
45251-2402,OH
45219-1528,OH
41071-2884,KY
45209-5013,OH
45011-5389,OH
45246-2518,OH
45236-1245,OH
45255-4710,OH
45069-2794,OH
45150-2585,OH
45249-8296,OH
45065-1196,OH
45459-3722,OH
45440-3970,OH
45424-1449,OH
45431-1787,OH
48185-6590,MI
48336-4722,MI
48150-2112,MI
48127-2841,MI
48302-0255,MI
48180-4792,MI
48183-3381,MI
48101-2870,MI
48126-2800,MI
48326-1307,MI
48076-1352,MI
48084-7017,MI
48071-1322,MI
48092-2466,MI
48307-4580,MI
48310-4209,MI
48312-3564,MI
48315-5834,MI
48316-5132,MI
48035-6115,MI
48044-4526,MI
44870-5892,OH
43065-7699,OH
43017-1626,OH
43026-2480,OH
48051-2007,MI
43026-7566,OH
43240-2041,OH
43214-7508,OH
43212-1452,OH
44903-6519,OH
43219-6015,OH
43123-8175,OH
43213-1130,OH
44001-9654,OH
43068-8019,OH
43068-8036,OH
44035-2886,OH
44011-1681,OH
43056-1278,OH
44070-3482,OH
44126-1320,OH
44256-1582,OH
44136-5181,OH
43130-1649,OH
44111-1747,OH
48059-3806,MI
44129-5627,OH
44109-2387,OH
44281-9314,OH
44333-4028,OH
44118-3216,OH
44067-2067,OH
44221-4943,OH
44312-5269,OH
44124-2073,OH
44094-4410,OH
44646-6965,OH
44224-4325,OH
44202-8784,OH
44720-7757,OH
44241-5266,OH
44060-4528,OH
25504-2600,WV
25309-8278,WV
26059-1023,WV
26330-9795,WV
44446-4804,OH
44512-4907,OH
24012-2000,VA
24540-5947,VA
27707-2516,NC
27713-6688,NC
26501-2267,WV
15301-2701,PA
15401-8418,PA
15275-1043,PA
15241-1408,PA
15236-1450,PA
15061-2141,PA
15237-1317,PA
15120-5004,PA
15237-3423,PA
15206,PA
15237-6008,PA
15642-2791,PA
16066-5312,PA
15146-2506,PA
15601-6399,PA
15238-1441,PA
15044-7105,PA
16001-2482,PA
27519,NC
27502-3922,NC
27617-7325,NC
27560,NC
27613-1900,NC
27518-9205,NC
27607-7249,NC
27609-5712,NC
77521-2124,TX
77551-1030,TX
77565-2671,TX
77539-3207,TX
77505-3905,TX
77598-3403,TX
77075-4857,TX
77069-3803,TX
77070-1647,TX
77007,TX
77040-6003,TX
77065-4014,TX
77027-3406,TX
77025-2703,TX
77429-1099,TX
77024-2505,TX
77084-1313,TX
77096-1611,TX
77063-4201,TX
77042-3201,TX
77584-8080,TX
77082-6870,TX
77094-1019,TX
77459-4163,TX
77479-2371,TX
77494-3605,TX
77407-2259,TX
77471-6204,TX
77566-4013,TX
76504-5133,TX
76548-2747,TX
78660-6545,TX
78628-5339,TX
78664-7307,TX
77904-1390,TX
78723-2431,TX
78758-7121,TX
04401-3629,ME
27896-8219,NC
27587-7353,NC
27616-3319,NC
27545-7313,NC
28562-5220,NC
16509-7712,PA
14127-1555,NY
14043-4625,NY
14225-4925,NY
14216-1737,NY
14221-2820,NY
14228-2704,NY
14020-1258,NY
14304-1720,NY
27529-6913,NC
27529-2591,NC
27534-8202,NC
49855-9483,MI
55792-3254,MN
55744-5124,MN
56601-5645,MN
58201-5911,ND
58504-5704,ND
58701-2013,ND
28546-6663,NC
88201-6512,NM
79762-5939,TX
79423-1423,TX
79707-3534,TX
79606-2726,TX
76904-5653,TX
78613,TX
78717-5924,TX
78759-5803,TX
78730-1001,TX
78738-6304,TX
78705-5654,TX
78704-7525,TX
78749-1112,TX
97024-8616,OR
98684-9638,WA
97220-6824,OR
97216-2420,OR
98662-6624,WA
98391-8564,WA
97015-9758,OR
98665-8145,WA
98374-9321,WA
97217-8296,OR
97205-2726,OR
98373-3777,WA
98030-7649,WA
97223-4432,OR
98003-6023,WA
97005-3001,OR
97070-5785,OR
98057-5521,WA
98188-2971,WA
97006-7439,OR
97140-8989,OR
98006-1286,WA
98499-3894,WA
98626-3127,WA
98405-1603,WA
97123-7915,OR
98126-3975,WA
98072-3523,WA
98101-2007,WA
98332-7891,WA
98503-1007,WA
98125-6047,WA
98037-3961,WA
98502-2566,WA
98208-3243,WA
98383-7952,WA
98271-4724,WA
98233-3251,WA
98226-5573,WA
78043-9733,TX
78045-7207,TX
78504-7700,TX
78504-4594,TX
78572-8354,TX
78411-5301,TX
78503-1609,TX
78552-5913,TX
78526-3366,TX
78224-1032,TX
78223-3876,TX
78245-2104,TX
78253-5300,TX
78201-6521,TX
78209,TX
78216-5609,TX
78250-6812,TX
78232-4332,TX
78154-1304,TX
78257-8202,TX
78258-4585,TX
78258-7430,TX
78130-6248,TX
78666-6187,TX
78640-6137,TX
78748-1753,TX